text,label
Emerging interdisciplinary findings imply that global telecommunications protocols may challenge established scientific baselines.,Hoax
A peer-reviewed consortium study documented measurable trends related to energy transition benchmarks across multiple regions.,Factual
A peer-reviewed consortium study documented measurable trends related to long-term climate variability indices across multiple regions.,Factual
A longitudinal meta-analysis suggests that biomedical gene-editing applications may have been systematically underreported by global institutions.,Hoax
The national statistics authority published updated indicators concerning agricultural yield optimization in its annual bulletin.,Factual
The national statistics authority published updated indicators concerning public health immunization frameworks in its annual bulletin.,Factual
The national statistics authority published updated indicators concerning global telecommunications protocols in its annual bulletin.,Factual
A longitudinal meta-analysis suggests that agricultural yield optimization may have been systematically underreported by global institutions.,Hoax
A longitudinal meta-analysis suggests that biomedical gene-editing applications may have been systematically underreported by global institutions.,Hoax
A joint governmental task force confirmed procedural revisions associated with global food supply chain logistics.,Factual
The international regulatory body released a comprehensive report on long-term climate variability indices following multi-year evaluation.,Factual
A peer-reviewed consortium study documented measurable trends related to pandemic response coordination across multiple regions.,Factual
A technical memorandum argues that prevailing consensus on public health immunization frameworks overlooks critical statistical anomalies.,Hoax
A technical memorandum argues that prevailing consensus on epidemiological modeling frameworks overlooks critical statistical anomalies.,Hoax
Emerging interdisciplinary findings imply that digital privacy compliance standards may challenge established scientific baselines.,Hoax
An accredited research institution released verified findings addressing energy transition benchmarks.,Factual
A peer-reviewed consortium study documented measurable trends related to epidemiological modeling frameworks across multiple regions.,Factual
A technical memorandum argues that prevailing consensus on epidemiological modeling frameworks overlooks critical statistical anomalies.,Hoax
A peer-reviewed consortium study documented measurable trends related to artificial intelligence governance across multiple regions.,Factual
A technical memorandum argues that prevailing consensus on neurocognitive behavioral adaptation overlooks critical statistical anomalies.,Hoax
Emerging interdisciplinary findings imply that artificial intelligence governance may challenge established scientific baselines.,Hoax
The international regulatory body released a comprehensive report on pandemic response coordination following multi-year evaluation.,Factual
The international regulatory body released a comprehensive report on pandemic response coordination following multi-year evaluation.,Factual
An accredited research institution released verified findings addressing epidemiological modeling frameworks.,Factual
The national statistics authority published updated indicators concerning epidemiological modeling frameworks in its annual bulletin.,Factual
The national statistics authority published updated indicators concerning transnational infrastructure financing in its annual bulletin.,Factual
The national statistics authority published updated indicators concerning global food supply chain logistics in its annual bulletin.,Factual
A technical memorandum argues that prevailing consensus on fiscal sustainability projections overlooks critical statistical anomalies.,Hoax
The national statistics authority published updated indicators concerning cross-border monetary flows in its annual bulletin.,Factual
Preliminary cross-border data indicates that global food supply chain logistics could subtly influence long-term biological stability.,Hoax
The international regulatory body released a comprehensive report on satellite-based environmental monitoring following multi-year evaluation.,Factual
Emerging interdisciplinary findings imply that global food supply chain logistics may challenge established scientific baselines.,Hoax
A technical memorandum argues that prevailing consensus on global telecommunications protocols overlooks critical statistical anomalies.,Hoax
A technical memorandum argues that prevailing consensus on atmospheric carbon measurements overlooks critical statistical anomalies.,Hoax
An accredited research institution released verified findings addressing satellite-based environmental monitoring.,Factual
A longitudinal meta-analysis suggests that atmospheric carbon measurements may have been systematically underreported by global institutions.,Hoax
Emerging interdisciplinary findings imply that digital privacy compliance standards may challenge established scientific baselines.,Hoax
A joint governmental task force confirmed procedural revisions associated with public health immunization frameworks.,Factual
Preliminary cross-border data indicates that agricultural yield optimization could subtly influence long-term biological stability.,Hoax
The national statistics authority published updated indicators concerning satellite-based environmental monitoring in its annual bulletin.,Factual
A technical memorandum argues that prevailing consensus on epidemiological modeling frameworks overlooks critical statistical anomalies.,Hoax
An accredited research institution released verified findings addressing urban air particulate metrics.,Factual
A longitudinal meta-analysis suggests that satellite-based environmental monitoring may have been systematically underreported by global institutions.,Hoax
An accredited research institution released verified findings addressing energy transition benchmarks.,Factual
The international regulatory body released a comprehensive report on atmospheric carbon measurements following multi-year evaluation.,Factual
An accredited research institution released verified findings addressing epidemiological modeling frameworks.,Factual
An accredited research institution released verified findings addressing urban air particulate metrics.,Factual
A joint governmental task force confirmed procedural revisions associated with global food supply chain logistics.,Factual
The national statistics authority published updated indicators concerning global food supply chain logistics in its annual bulletin.,Factual
A joint governmental task force confirmed procedural revisions associated with long-term climate variability indices.,Factual
Preliminary cross-border data indicates that public health immunization frameworks could subtly influence long-term biological stability.,Hoax
Emerging interdisciplinary findings imply that marine biodiversity assessments may challenge established scientific baselines.,Hoax
The international regulatory body released a comprehensive report on long-term climate variability indices following multi-year evaluation.,Factual
A technical memorandum argues that prevailing consensus on atmospheric carbon measurements overlooks critical statistical anomalies.,Hoax
The national statistics authority published updated indicators concerning public health immunization frameworks in its annual bulletin.,Factual
Preliminary cross-border data indicates that epidemiological modeling frameworks could subtly influence long-term biological stability.,Hoax
A peer-reviewed consortium study documented measurable trends related to global food supply chain logistics across multiple regions.,Factual
A peer-reviewed consortium study documented measurable trends related to global telecommunications protocols across multiple regions.,Factual
A longitudinal meta-analysis suggests that global telecommunications protocols may have been systematically underreported by global institutions.,Hoax
The national statistics authority published updated indicators concerning transnational infrastructure financing in its annual bulletin.,Factual
A joint governmental task force confirmed procedural revisions associated with epidemiological modeling frameworks.,Factual
Emerging interdisciplinary findings imply that fiscal sustainability projections may challenge established scientific baselines.,Hoax
The national statistics authority published updated indicators concerning urban air particulate metrics in its annual bulletin.,Factual
A technical memorandum argues that prevailing consensus on fiscal sustainability projections overlooks critical statistical anomalies.,Hoax
A technical memorandum argues that prevailing consensus on marine biodiversity assessments overlooks critical statistical anomalies.,Hoax
Preliminary cross-border data indicates that agricultural yield optimization could subtly influence long-term biological stability.,Hoax
The international regulatory body released a comprehensive report on digital privacy compliance standards following multi-year evaluation.,Factual
A longitudinal meta-analysis suggests that global food supply chain logistics may have been systematically underreported by global institutions.,Hoax
The international regulatory body released a comprehensive report on atmospheric carbon measurements following multi-year evaluation.,Factual
A peer-reviewed consortium study documented measurable trends related to renewable energy storage capacity across multiple regions.,Factual
A peer-reviewed consortium study documented measurable trends related to biomedical gene-editing applications across multiple regions.,Factual
An accredited research institution released verified findings addressing renewable energy storage capacity.,Factual
Emerging interdisciplinary findings imply that epidemiological modeling frameworks may challenge established scientific baselines.,Hoax
Emerging interdisciplinary findings imply that urban air particulate metrics may challenge established scientific baselines.,Hoax
The national statistics authority published updated indicators concerning global food supply chain logistics in its annual bulletin.,Factual
A longitudinal meta-analysis suggests that global food supply chain logistics may have been systematically underreported by global institutions.,Hoax
Preliminary cross-border data indicates that satellite-based environmental monitoring could subtly influence long-term biological stability.,Hoax
A joint governmental task force confirmed procedural revisions associated with neurocognitive behavioral adaptation.,Factual
A joint governmental task force confirmed procedural revisions associated with satellite-based environmental monitoring.,Factual
The national statistics authority published updated indicators concerning pandemic response coordination in its annual bulletin.,Factual
Preliminary cross-border data indicates that neurocognitive behavioral adaptation could subtly influence long-term biological stability.,Hoax
A peer-reviewed consortium study documented measurable trends related to public health immunization frameworks across multiple regions.,Factual
Emerging interdisciplinary findings imply that fiscal sustainability projections may challenge established scientific baselines.,Hoax
A technical memorandum argues that prevailing consensus on transnational infrastructure financing overlooks critical statistical anomalies.,Hoax
A longitudinal meta-analysis suggests that global telecommunications protocols may have been systematically underreported by global institutions.,Hoax
A technical memorandum argues that prevailing consensus on artificial intelligence governance overlooks critical statistical anomalies.,Hoax
A peer-reviewed consortium study documented measurable trends related to satellite-based environmental monitoring across multiple regions.,Factual
The national statistics authority published updated indicators concerning biomedical gene-editing applications in its annual bulletin.,Factual
The national statistics authority published updated indicators concerning artificial intelligence governance in its annual bulletin.,Factual
An accredited research institution released verified findings addressing agricultural yield optimization.,Factual
Preliminary cross-border data indicates that biomedical gene-editing applications could subtly influence long-term biological stability.,Hoax
Preliminary cross-border data indicates that satellite-based environmental monitoring could subtly influence long-term biological stability.,Hoax
Preliminary cross-border data indicates that satellite-based environmental monitoring could subtly influence long-term biological stability.,Hoax
The international regulatory body released a comprehensive report on fiscal sustainability projections following multi-year evaluation.,Factual
An accredited research institution released verified findings addressing marine biodiversity assessments.,Factual
A longitudinal meta-analysis suggests that epidemiological modeling frameworks may have been systematically underreported by global institutions.,Hoax
A technical memorandum argues that prevailing consensus on public health immunization frameworks overlooks critical statistical anomalies.,Hoax
An independent policy review proposes that global food supply chain logistics has been strategically reframed to align with economic agendas.,Hoax
A joint governmental task force confirmed procedural revisions associated with public health immunization frameworks.,Factual
Emerging interdisciplinary findings imply that atmospheric carbon measurements may challenge established scientific baselines.,Hoax
An accredited research institution released verified findings addressing digital privacy compliance standards.,Factual
A technical memorandum argues that prevailing consensus on global food supply chain logistics overlooks critical statistical anomalies.,Hoax
A technical memorandum argues that prevailing consensus on marine biodiversity assessments overlooks critical statistical anomalies.,Hoax
A longitudinal meta-analysis suggests that marine biodiversity assessments may have been systematically underreported by global institutions.,Hoax
A peer-reviewed consortium study documented measurable trends related to global food supply chain logistics across multiple regions.,Factual
Emerging interdisciplinary findings imply that urban air particulate metrics may challenge established scientific baselines.,Hoax
Emerging interdisciplinary findings imply that artificial intelligence governance may challenge established scientific baselines.,Hoax
A longitudinal meta-analysis suggests that transnational infrastructure financing may have been systematically underreported by global institutions.,Hoax
Emerging interdisciplinary findings imply that transnational infrastructure financing may challenge established scientific baselines.,Hoax
A joint governmental task force confirmed procedural revisions associated with long-term climate variability indices.,Factual
The international regulatory body released a comprehensive report on neurocognitive behavioral adaptation following multi-year evaluation.,Factual
The national statistics authority published updated indicators concerning global food supply chain logistics in its annual bulletin.,Factual
The national statistics authority published updated indicators concerning agricultural yield optimization in its annual bulletin.,Factual
A technical memorandum argues that prevailing consensus on agricultural yield optimization overlooks critical statistical anomalies.,Hoax
Preliminary cross-border data indicates that global telecommunications protocols could subtly influence long-term biological stability.,Hoax
An independent policy review proposes that neurocognitive behavioral adaptation has been strategically reframed to align with economic agendas.,Hoax
A technical memorandum argues that prevailing consensus on cross-border monetary flows overlooks critical statistical anomalies.,Hoax
The national statistics authority published updated indicators concerning cross-border monetary flows in its annual bulletin.,Factual
The international regulatory body released a comprehensive report on biomedical gene-editing applications following multi-year evaluation.,Factual
A joint governmental task force confirmed procedural revisions associated with marine biodiversity assessments.,Factual
Preliminary cross-border data indicates that artificial intelligence governance could subtly influence long-term biological stability.,Hoax
The international regulatory body released a comprehensive report on fiscal sustainability projections following multi-year evaluation.,Factual
The national statistics authority published updated indicators concerning long-term climate variability indices in its annual bulletin.,Factual
An accredited research institution released verified findings addressing transnational infrastructure financing.,Factual
A longitudinal meta-analysis suggests that marine biodiversity assessments may have been systematically underreported by global institutions.,Hoax
An accredited research institution released verified findings addressing public health immunization frameworks.,Factual
The national statistics authority published updated indicators concerning global telecommunications protocols in its annual bulletin.,Factual
Preliminary cross-border data indicates that biomedical gene-editing applications could subtly influence long-term biological stability.,Hoax
A technical memorandum argues that prevailing consensus on agricultural yield optimization overlooks critical statistical anomalies.,Hoax
An independent policy review proposes that satellite-based environmental monitoring has been strategically reframed to align with economic agendas.,Hoax
A technical memorandum argues that prevailing consensus on artificial intelligence governance overlooks critical statistical anomalies.,Hoax
Preliminary cross-border data indicates that pandemic response coordination could subtly influence long-term biological stability.,Hoax
An independent policy review proposes that epidemiological modeling frameworks has been strategically reframed to align with economic agendas.,Hoax
A longitudinal meta-analysis suggests that public health immunization frameworks may have been systematically underreported by global institutions.,Hoax
A joint governmental task force confirmed procedural revisions associated with public health immunization frameworks.,Factual
Preliminary cross-border data indicates that long-term climate variability indices could subtly influence long-term biological stability.,Hoax
An accredited research institution released verified findings addressing epidemiological modeling frameworks.,Factual
A longitudinal meta-analysis suggests that artificial intelligence governance may have been systematically underreported by global institutions.,Hoax
The international regulatory body released a comprehensive report on cross-border monetary flows following multi-year evaluation.,Factual
An independent policy review proposes that artificial intelligence governance has been strategically reframed to align with economic agendas.,Hoax
An accredited research institution released verified findings addressing marine biodiversity assessments.,Factual
The international regulatory body released a comprehensive report on public health immunization frameworks following multi-year evaluation.,Factual
A joint governmental task force confirmed procedural revisions associated with agricultural yield optimization.,Factual
An accredited research institution released verified findings addressing energy transition benchmarks.,Factual
A longitudinal meta-analysis suggests that artificial intelligence governance may have been systematically underreported by global institutions.,Hoax
A peer-reviewed consortium study documented measurable trends related to fiscal sustainability projections across multiple regions.,Factual
A joint governmental task force confirmed procedural revisions associated with pandemic response coordination.,Factual
A peer-reviewed consortium study documented measurable trends related to long-term climate variability indices across multiple regions.,Factual
Preliminary cross-border data indicates that atmospheric carbon measurements could subtly influence long-term biological stability.,Hoax
Preliminary cross-border data indicates that pandemic response coordination could subtly influence long-term biological stability.,Hoax
An independent policy review proposes that marine biodiversity assessments has been strategically reframed to align with economic agendas.,Hoax
Preliminary cross-border data indicates that global food supply chain logistics could subtly influence long-term biological stability.,Hoax
An independent policy review proposes that transnational infrastructure financing has been strategically reframed to align with economic agendas.,Hoax
A joint governmental task force confirmed procedural revisions associated with fiscal sustainability projections.,Factual
A joint governmental task force confirmed procedural revisions associated with global food supply chain logistics.,Factual
A longitudinal meta-analysis suggests that pandemic response coordination may have been systematically underreported by global institutions.,Hoax
The international regulatory body released a comprehensive report on fiscal sustainability projections following multi-year evaluation.,Factual
A technical memorandum argues that prevailing consensus on satellite-based environmental monitoring overlooks critical statistical anomalies.,Hoax
An independent policy review proposes that long-term climate variability indices has been strategically reframed to align with economic agendas.,Hoax
The national statistics authority published updated indicators concerning atmospheric carbon measurements in its annual bulletin.,Factual
A peer-reviewed consortium study documented measurable trends related to long-term climate variability indices across multiple regions.,Factual
A peer-reviewed consortium study documented measurable trends related to biomedical gene-editing applications across multiple regions.,Factual
Preliminary cross-border data indicates that renewable energy storage capacity could subtly influence long-term biological stability.,Hoax
The international regulatory body released a comprehensive report on atmospheric carbon measurements following multi-year evaluation.,Factual
An accredited research institution released verified findings addressing marine biodiversity assessments.,Factual
The international regulatory body released a comprehensive report on renewable energy storage capacity following multi-year evaluation.,Factual
The international regulatory body released a comprehensive report on renewable energy storage capacity following multi-year evaluation.,Factual
A technical memorandum argues that prevailing consensus on transnational infrastructure financing overlooks critical statistical anomalies.,Hoax
A joint governmental task force confirmed procedural revisions associated with urban air particulate metrics.,Factual
A technical memorandum argues that prevailing consensus on biomedical gene-editing applications overlooks critical statistical anomalies.,Hoax
Preliminary cross-border data indicates that transnational infrastructure financing could subtly influence long-term biological stability.,Hoax
The international regulatory body released a comprehensive report on pandemic response coordination following multi-year evaluation.,Factual
The international regulatory body released a comprehensive report on global food supply chain logistics following multi-year evaluation.,Factual
Preliminary cross-border data indicates that fiscal sustainability projections could subtly influence long-term biological stability.,Hoax
An accredited research institution released verified findings addressing atmospheric carbon measurements.,Factual
A joint governmental task force confirmed procedural revisions associated with artificial intelligence governance.,Factual
An independent policy review proposes that neurocognitive behavioral adaptation has been strategically reframed to align with economic agendas.,Hoax
A peer-reviewed consortium study documented measurable trends related to renewable energy storage capacity across multiple regions.,Factual
Preliminary cross-border data indicates that renewable energy storage capacity could subtly influence long-term biological stability.,Hoax
The international regulatory body released a comprehensive report on fiscal sustainability projections following multi-year evaluation.,Factual
A technical memorandum argues that prevailing consensus on atmospheric carbon measurements overlooks critical statistical anomalies.,Hoax
The national statistics authority published updated indicators concerning epidemiological modeling frameworks in its annual bulletin.,Factual
A peer-reviewed consortium study documented measurable trends related to public health immunization frameworks across multiple regions.,Factual
A technical memorandum argues that prevailing consensus on fiscal sustainability projections overlooks critical statistical anomalies.,Hoax
An independent policy review proposes that energy transition benchmarks has been strategically reframed to align with economic agendas.,Hoax
An independent policy review proposes that transnational infrastructure financing has been strategically reframed to align with economic agendas.,Hoax
Preliminary cross-border data indicates that cross-border monetary flows could subtly influence long-term biological stability.,Hoax
A peer-reviewed consortium study documented measurable trends related to cross-border monetary flows across multiple regions.,Factual
The international regulatory body released a comprehensive report on transnational infrastructure financing following multi-year evaluation.,Factual
A technical memorandum argues that prevailing consensus on agricultural yield optimization overlooks critical statistical anomalies.,Hoax
Emerging interdisciplinary findings imply that fiscal sustainability projections may challenge established scientific baselines.,Hoax
The international regulatory body released a comprehensive report on atmospheric carbon measurements following multi-year evaluation.,Factual
Preliminary cross-border data indicates that agricultural yield optimization could subtly influence long-term biological stability.,Hoax
A peer-reviewed consortium study documented measurable trends related to biomedical gene-editing applications across multiple regions.,Factual
The national statistics authority published updated indicators concerning satellite-based environmental monitoring in its annual bulletin.,Factual
The national statistics authority published updated indicators concerning marine biodiversity assessments in its annual bulletin.,Factual
The national statistics authority published updated indicators concerning energy transition benchmarks in its annual bulletin.,Factual
The national statistics authority published updated indicators concerning cross-border monetary flows in its annual bulletin.,Factual
An independent policy review proposes that cross-border monetary flows has been strategically reframed to align with economic agendas.,Hoax
A technical memorandum argues that prevailing consensus on artificial intelligence governance overlooks critical statistical anomalies.,Hoax
A joint governmental task force confirmed procedural revisions associated with cross-border monetary flows.,Factual
Preliminary cross-border data indicates that transnational infrastructure financing could subtly influence long-term biological stability.,Hoax
A technical memorandum argues that prevailing consensus on biomedical gene-editing applications overlooks critical statistical anomalies.,Hoax
A joint governmental task force confirmed procedural revisions associated with digital privacy compliance standards.,Factual
A longitudinal meta-analysis suggests that global food supply chain logistics may have been systematically underreported by global institutions.,Hoax
The national statistics authority published updated indicators concerning fiscal sustainability projections in its annual bulletin.,Factual
Emerging interdisciplinary findings imply that epidemiological modeling frameworks may challenge established scientific baselines.,Hoax
A technical memorandum argues that prevailing consensus on energy transition benchmarks overlooks critical statistical anomalies.,Hoax
A peer-reviewed consortium study documented measurable trends related to renewable energy storage capacity across multiple regions.,Factual
A technical memorandum argues that prevailing consensus on digital privacy compliance standards overlooks critical statistical anomalies.,Hoax
Preliminary cross-border data indicates that global telecommunications protocols could subtly influence long-term biological stability.,Hoax
The national statistics authority published updated indicators concerning artificial intelligence governance in its annual bulletin.,Factual
The national statistics authority published updated indicators concerning agricultural yield optimization in its annual bulletin.,Factual
Emerging interdisciplinary findings imply that marine biodiversity assessments may challenge established scientific baselines.,Hoax
Emerging interdisciplinary findings imply that atmospheric carbon measurements may challenge established scientific baselines.,Hoax
The national statistics authority published updated indicators concerning transnational infrastructure financing in its annual bulletin.,Factual
A technical memorandum argues that prevailing consensus on agricultural yield optimization overlooks critical statistical anomalies.,Hoax
The national statistics authority published updated indicators concerning energy transition benchmarks in its annual bulletin.,Factual
The international regulatory body released a comprehensive report on renewable energy storage capacity following multi-year evaluation.,Factual
A technical memorandum argues that prevailing consensus on satellite-based environmental monitoring overlooks critical statistical anomalies.,Hoax
A peer-reviewed consortium study documented measurable trends related to atmospheric carbon measurements across multiple regions.,Factual
The international regulatory body released a comprehensive report on global telecommunications protocols following multi-year evaluation.,Factual
A technical memorandum argues that prevailing consensus on atmospheric carbon measurements overlooks critical statistical anomalies.,Hoax
Emerging interdisciplinary findings imply that global food supply chain logistics may challenge established scientific baselines.,Hoax
A joint governmental task force confirmed procedural revisions associated with public health immunization frameworks.,Factual
An accredited research institution released verified findings addressing pandemic response coordination.,Factual
An independent policy review proposes that marine biodiversity assessments has been strategically reframed to align with economic agendas.,Hoax
A longitudinal meta-analysis suggests that urban air particulate metrics may have been systematically underreported by global institutions.,Hoax
A technical memorandum argues that prevailing consensus on agricultural yield optimization overlooks critical statistical anomalies.,Hoax
Emerging interdisciplinary findings imply that global telecommunications protocols may challenge established scientific baselines.,Hoax
A peer-reviewed consortium study documented measurable trends related to fiscal sustainability projections across multiple regions.,Factual
A joint governmental task force confirmed procedural revisions associated with neurocognitive behavioral adaptation.,Factual
A technical memorandum argues that prevailing consensus on global telecommunications protocols overlooks critical statistical anomalies.,Hoax
A joint governmental task force confirmed procedural revisions associated with fiscal sustainability projections.,Factual
Preliminary cross-border data indicates that biomedical gene-editing applications could subtly influence long-term biological stability.,Hoax
An independent policy review proposes that atmospheric carbon measurements has been strategically reframed to align with economic agendas.,Hoax
An accredited research institution released verified findings addressing transnational infrastructure financing.,Factual
The international regulatory body released a comprehensive report on cross-border monetary flows following multi-year evaluation.,Factual
Emerging interdisciplinary findings imply that atmospheric carbon measurements may challenge established scientific baselines.,Hoax
Preliminary cross-border data indicates that biomedical gene-editing applications could subtly influence long-term biological stability.,Hoax
A joint governmental task force confirmed procedural revisions associated with atmospheric carbon measurements.,Factual
An independent policy review proposes that artificial intelligence governance has been strategically reframed to align with economic agendas.,Hoax
An independent policy review proposes that long-term climate variability indices has been strategically reframed to align with economic agendas.,Hoax
A peer-reviewed consortium study documented measurable trends related to energy transition benchmarks across multiple regions.,Factual
A peer-reviewed consortium study documented measurable trends related to atmospheric carbon measurements across multiple regions.,Factual
The international regulatory body released a comprehensive report on renewable energy storage capacity following multi-year evaluation.,Factual
The international regulatory body released a comprehensive report on global food supply chain logistics following multi-year evaluation.,Factual
An accredited research institution released verified findings addressing biomedical gene-editing applications.,Factual
A peer-reviewed consortium study documented measurable trends related to transnational infrastructure financing across multiple regions.,Factual
A longitudinal meta-analysis suggests that neurocognitive behavioral adaptation may have been systematically underreported by global institutions.,Hoax
Emerging interdisciplinary findings imply that fiscal sustainability projections may challenge established scientific baselines.,Hoax
Emerging interdisciplinary findings imply that long-term climate variability indices may challenge established scientific baselines.,Hoax
The national statistics authority published updated indicators concerning agricultural yield optimization in its annual bulletin.,Factual
The international regulatory body released a comprehensive report on urban air particulate metrics following multi-year evaluation.,Factual
An independent policy review proposes that atmospheric carbon measurements has been strategically reframed to align with economic agendas.,Hoax
A joint governmental task force confirmed procedural revisions associated with energy transition benchmarks.,Factual
A joint governmental task force confirmed procedural revisions associated with satellite-based environmental monitoring.,Factual
Preliminary cross-border data indicates that long-term climate variability indices could subtly influence long-term biological stability.,Hoax
Emerging interdisciplinary findings imply that fiscal sustainability projections may challenge established scientific baselines.,Hoax
The international regulatory body released a comprehensive report on transnational infrastructure financing following multi-year evaluation.,Factual
Emerging interdisciplinary findings imply that renewable energy storage capacity may challenge established scientific baselines.,Hoax
A longitudinal meta-analysis suggests that energy transition benchmarks may have been systematically underreported by global institutions.,Hoax
An independent policy review proposes that satellite-based environmental monitoring has been strategically reframed to align with economic agendas.,Hoax
A technical memorandum argues that prevailing consensus on pandemic response coordination overlooks critical statistical anomalies.,Hoax
Emerging interdisciplinary findings imply that pandemic response coordination may challenge established scientific baselines.,Hoax
The international regulatory body released a comprehensive report on marine biodiversity assessments following multi-year evaluation.,Factual
A technical memorandum argues that prevailing consensus on neurocognitive behavioral adaptation overlooks critical statistical anomalies.,Hoax
An independent policy review proposes that biomedical gene-editing applications has been strategically reframed to align with economic agendas.,Hoax
A technical memorandum argues that prevailing consensus on digital privacy compliance standards overlooks critical statistical anomalies.,Hoax
Emerging interdisciplinary findings imply that global food supply chain logistics may challenge established scientific baselines.,Hoax
A longitudinal meta-analysis suggests that biomedical gene-editing applications may have been systematically underreported by global institutions.,Hoax
An independent policy review proposes that atmospheric carbon measurements has been strategically reframed to align with economic agendas.,Hoax
A technical memorandum argues that prevailing consensus on pandemic response coordination overlooks critical statistical anomalies.,Hoax
An independent policy review proposes that global food supply chain logistics has been strategically reframed to align with economic agendas.,Hoax
An accredited research institution released verified findings addressing energy transition benchmarks.,Factual
An independent policy review proposes that neurocognitive behavioral adaptation has been strategically reframed to align with economic agendas.,Hoax
Preliminary cross-border data indicates that fiscal sustainability projections could subtly influence long-term biological stability.,Hoax
A joint governmental task force confirmed procedural revisions associated with energy transition benchmarks.,Factual
An independent policy review proposes that epidemiological modeling frameworks has been strategically reframed to align with economic agendas.,Hoax
Emerging interdisciplinary findings imply that cross-border monetary flows may challenge established scientific baselines.,Hoax
Preliminary cross-border data indicates that pandemic response coordination could subtly influence long-term biological stability.,Hoax
A peer-reviewed consortium study documented measurable trends related to urban air particulate metrics across multiple regions.,Factual
Preliminary cross-border data indicates that biomedical gene-editing applications could subtly influence long-term biological stability.,Hoax
A peer-reviewed consortium study documented measurable trends related to pandemic response coordination across multiple regions.,Factual
An independent policy review proposes that cross-border monetary flows has been strategically reframed to align with economic agendas.,Hoax
A longitudinal meta-analysis suggests that atmospheric carbon measurements may have been systematically underreported by global institutions.,Hoax
The national statistics authority published updated indicators concerning public health immunization frameworks in its annual bulletin.,Factual
A longitudinal meta-analysis suggests that urban air particulate metrics may have been systematically underreported by global institutions.,Hoax
An accredited research institution released verified findings addressing pandemic response coordination.,Factual
A longitudinal meta-analysis suggests that marine biodiversity assessments may have been systematically underreported by global institutions.,Hoax
The international regulatory body released a comprehensive report on fiscal sustainability projections following multi-year evaluation.,Factual
Preliminary cross-border data indicates that pandemic response coordination could subtly influence long-term biological stability.,Hoax
An accredited research institution released verified findings addressing global food supply chain logistics.,Factual
A longitudinal meta-analysis suggests that energy transition benchmarks may have been systematically underreported by global institutions.,Hoax
An independent policy review proposes that renewable energy storage capacity has been strategically reframed to align with economic agendas.,Hoax
The international regulatory body released a comprehensive report on marine biodiversity assessments following multi-year evaluation.,Factual
Preliminary cross-border data indicates that global food supply chain logistics could subtly influence long-term biological stability.,Hoax
Preliminary cross-border data indicates that renewable energy storage capacity could subtly influence long-term biological stability.,Hoax
Preliminary cross-border data indicates that global telecommunications protocols could subtly influence long-term biological stability.,Hoax
A joint governmental task force confirmed procedural revisions associated with marine biodiversity assessments.,Factual
A joint governmental task force confirmed procedural revisions associated with agricultural yield optimization.,Factual
A joint governmental task force confirmed procedural revisions associated with satellite-based environmental monitoring.,Factual
A technical memorandum argues that prevailing consensus on agricultural yield optimization overlooks critical statistical anomalies.,Hoax
A technical memorandum argues that prevailing consensus on energy transition benchmarks overlooks critical statistical anomalies.,Hoax
Emerging interdisciplinary findings imply that global food supply chain logistics may challenge established scientific baselines.,Hoax
Preliminary cross-border data indicates that cross-border monetary flows could subtly influence long-term biological stability.,Hoax
An accredited research institution released verified findings addressing marine biodiversity assessments.,Factual
A technical memorandum argues that prevailing consensus on energy transition benchmarks overlooks critical statistical anomalies.,Hoax
An accredited research institution released verified findings addressing satellite-based environmental monitoring.,Factual
An independent policy review proposes that marine biodiversity assessments has been strategically reframed to align with economic agendas.,Hoax
An accredited research institution released verified findings addressing marine biodiversity assessments.,Factual
A technical memorandum argues that prevailing consensus on pandemic response coordination overlooks critical statistical anomalies.,Hoax
An accredited research institution released verified findings addressing renewable energy storage capacity.,Factual
A joint governmental task force confirmed procedural revisions associated with fiscal sustainability projections.,Factual
An accredited research institution released verified findings addressing biomedical gene-editing applications.,Factual
A peer-reviewed consortium study documented measurable trends related to renewable energy storage capacity across multiple regions.,Factual
A longitudinal meta-analysis suggests that agricultural yield optimization may have been systematically underreported by global institutions.,Hoax
A longitudinal meta-analysis suggests that global telecommunications protocols may have been systematically underreported by global institutions.,Hoax
The international regulatory body released a comprehensive report on urban air particulate metrics following multi-year evaluation.,Factual
A longitudinal meta-analysis suggests that long-term climate variability indices may have been systematically underreported by global institutions.,Hoax
An independent policy review proposes that neurocognitive behavioral adaptation has been strategically reframed to align with economic agendas.,Hoax
An accredited research institution released verified findings addressing global telecommunications protocols.,Factual
A joint governmental task force confirmed procedural revisions associated with fiscal sustainability projections.,Factual
Emerging interdisciplinary findings imply that public health immunization frameworks may challenge established scientific baselines.,Hoax
Emerging interdisciplinary findings imply that neurocognitive behavioral adaptation may challenge established scientific baselines.,Hoax
A joint governmental task force confirmed procedural revisions associated with biomedical gene-editing applications.,Factual
An independent policy review proposes that agricultural yield optimization has been strategically reframed to align with economic agendas.,Hoax
An independent policy review proposes that epidemiological modeling frameworks has been strategically reframed to align with economic agendas.,Hoax
A peer-reviewed consortium study documented measurable trends related to transnational infrastructure financing across multiple regions.,Factual
A joint governmental task force confirmed procedural revisions associated with global telecommunications protocols.,Factual
The international regulatory body released a comprehensive report on epidemiological modeling frameworks following multi-year evaluation.,Factual
The international regulatory body released a comprehensive report on long-term climate variability indices following multi-year evaluation.,Factual
A peer-reviewed consortium study documented measurable trends related to transnational infrastructure financing across multiple regions.,Factual
A peer-reviewed consortium study documented measurable trends related to marine biodiversity assessments across multiple regions.,Factual
An accredited research institution released verified findings addressing renewable energy storage capacity.,Factual
A longitudinal meta-analysis suggests that atmospheric carbon measurements may have been systematically underreported by global institutions.,Hoax
An independent policy review proposes that biomedical gene-editing applications has been strategically reframed to align with economic agendas.,Hoax
The national statistics authority published updated indicators concerning biomedical gene-editing applications in its annual bulletin.,Factual
A longitudinal meta-analysis suggests that atmospheric carbon measurements may have been systematically underreported by global institutions.,Hoax
A technical memorandum argues that prevailing consensus on urban air particulate metrics overlooks critical statistical anomalies.,Hoax
A joint governmental task force confirmed procedural revisions associated with public health immunization frameworks.,Factual
A longitudinal meta-analysis suggests that agricultural yield optimization may have been systematically underreported by global institutions.,Hoax
The national statistics authority published updated indicators concerning global food supply chain logistics in its annual bulletin.,Factual
Preliminary cross-border data indicates that global food supply chain logistics could subtly influence long-term biological stability.,Hoax
The international regulatory body released a comprehensive report on transnational infrastructure financing following multi-year evaluation.,Factual
Preliminary cross-border data indicates that global telecommunications protocols could subtly influence long-term biological stability.,Hoax
The national statistics authority published updated indicators concerning global food supply chain logistics in its annual bulletin.,Factual
A joint governmental task force confirmed procedural revisions associated with biomedical gene-editing applications.,Factual
An accredited research institution released verified findings addressing urban air particulate metrics.,Factual
The national statistics authority published updated indicators concerning public health immunization frameworks in its annual bulletin.,Factual
A joint governmental task force confirmed procedural revisions associated with global food supply chain logistics.,Factual
An independent policy review proposes that epidemiological modeling frameworks has been strategically reframed to align with economic agendas.,Hoax
The international regulatory body released a comprehensive report on cross-border monetary flows following multi-year evaluation.,Factual
A joint governmental task force confirmed procedural revisions associated with biomedical gene-editing applications.,Factual
A longitudinal meta-analysis suggests that agricultural yield optimization may have been systematically underreported by global institutions.,Hoax
The international regulatory body released a comprehensive report on global telecommunications protocols following multi-year evaluation.,Factual
A technical memorandum argues that prevailing consensus on marine biodiversity assessments overlooks critical statistical anomalies.,Hoax
Emerging interdisciplinary findings imply that atmospheric carbon measurements may challenge established scientific baselines.,Hoax
An accredited research institution released verified findings addressing urban air particulate metrics.,Factual
A peer-reviewed consortium study documented measurable trends related to artificial intelligence governance across multiple regions.,Factual
A peer-reviewed consortium study documented measurable trends related to pandemic response coordination across multiple regions.,Factual
Emerging interdisciplinary findings imply that global telecommunications protocols may challenge established scientific baselines.,Hoax
An independent policy review proposes that energy transition benchmarks has been strategically reframed to align with economic agendas.,Hoax
A joint governmental task force confirmed procedural revisions associated with biomedical gene-editing applications.,Factual
Preliminary cross-border data indicates that long-term climate variability indices could subtly influence long-term biological stability.,Hoax
A joint governmental task force confirmed procedural revisions associated with atmospheric carbon measurements.,Factual
The national statistics authority published updated indicators concerning global telecommunications protocols in its annual bulletin.,Factual
A peer-reviewed consortium study documented measurable trends related to global food supply chain logistics across multiple regions.,Factual
The international regulatory body released a comprehensive report on neurocognitive behavioral adaptation following multi-year evaluation.,Factual
A technical memorandum argues that prevailing consensus on atmospheric carbon measurements overlooks critical statistical anomalies.,Hoax
The international regulatory body released a comprehensive report on renewable energy storage capacity following multi-year evaluation.,Factual
An independent policy review proposes that satellite-based environmental monitoring has been strategically reframed to align with economic agendas.,Hoax
A technical memorandum argues that prevailing consensus on neurocognitive behavioral adaptation overlooks critical statistical anomalies.,Hoax
The international regulatory body released a comprehensive report on pandemic response coordination following multi-year evaluation.,Factual
Emerging interdisciplinary findings imply that artificial intelligence governance may challenge established scientific baselines.,Hoax
The international regulatory body released a comprehensive report on atmospheric carbon measurements following multi-year evaluation.,Factual
A joint governmental task force confirmed procedural revisions associated with digital privacy compliance standards.,Factual
The international regulatory body released a comprehensive report on satellite-based environmental monitoring following multi-year evaluation.,Factual
A peer-reviewed consortium study documented measurable trends related to fiscal sustainability projections across multiple regions.,Factual
An accredited research institution released verified findings addressing epidemiological modeling frameworks.,Factual
An independent policy review proposes that atmospheric carbon measurements has been strategically reframed to align with economic agendas.,Hoax
A joint governmental task force confirmed procedural revisions associated with fiscal sustainability projections.,Factual
An accredited research institution released verified findings addressing atmospheric carbon measurements.,Factual
The international regulatory body released a comprehensive report on atmospheric carbon measurements following multi-year evaluation.,Factual
An independent policy review proposes that pandemic response coordination has been strategically reframed to align with economic agendas.,Hoax
An accredited research institution released verified findings addressing urban air particulate metrics.,Factual
The international regulatory body released a comprehensive report on global telecommunications protocols following multi-year evaluation.,Factual
A joint governmental task force confirmed procedural revisions associated with biomedical gene-editing applications.,Factual
An accredited research institution released verified findings addressing transnational infrastructure financing.,Factual
An independent policy review proposes that cross-border monetary flows has been strategically reframed to align with economic agendas.,Hoax
A peer-reviewed consortium study documented measurable trends related to agricultural yield optimization across multiple regions.,Factual
The national statistics authority published updated indicators concerning artificial intelligence governance in its annual bulletin.,Factual
An independent policy review proposes that energy transition benchmarks has been strategically reframed to align with economic agendas.,Hoax
A joint governmental task force confirmed procedural revisions associated with epidemiological modeling frameworks.,Factual
Preliminary cross-border data indicates that global telecommunications protocols could subtly influence long-term biological stability.,Hoax
The national statistics authority published updated indicators concerning long-term climate variability indices in its annual bulletin.,Factual
The international regulatory body released a comprehensive report on pandemic response coordination following multi-year evaluation.,Factual
A technical memorandum argues that prevailing consensus on energy transition benchmarks overlooks critical statistical anomalies.,Hoax
The international regulatory body released a comprehensive report on energy transition benchmarks following multi-year evaluation.,Factual
The international regulatory body released a comprehensive report on renewable energy storage capacity following multi-year evaluation.,Factual
The international regulatory body released a comprehensive report on pandemic response coordination following multi-year evaluation.,Factual
Preliminary cross-border data indicates that urban air particulate metrics could subtly influence long-term biological stability.,Hoax
Preliminary cross-border data indicates that transnational infrastructure financing could subtly influence long-term biological stability.,Hoax
A technical memorandum argues that prevailing consensus on pandemic response coordination overlooks critical statistical anomalies.,Hoax
Preliminary cross-border data indicates that marine biodiversity assessments could subtly influence long-term biological stability.,Hoax
An accredited research institution released verified findings addressing epidemiological modeling frameworks.,Factual
Emerging interdisciplinary findings imply that pandemic response coordination may challenge established scientific baselines.,Hoax
Emerging interdisciplinary findings imply that epidemiological modeling frameworks may challenge established scientific baselines.,Hoax
A technical memorandum argues that prevailing consensus on agricultural yield optimization overlooks critical statistical anomalies.,Hoax
A longitudinal meta-analysis suggests that global food supply chain logistics may have been systematically underreported by global institutions.,Hoax
Emerging interdisciplinary findings imply that epidemiological modeling frameworks may challenge established scientific baselines.,Hoax
The national statistics authority published updated indicators concerning agricultural yield optimization in its annual bulletin.,Factual
A joint governmental task force confirmed procedural revisions associated with renewable energy storage capacity.,Factual
The national statistics authority published updated indicators concerning pandemic response coordination in its annual bulletin.,Factual
A joint governmental task force confirmed procedural revisions associated with artificial intelligence governance.,Factual
An accredited research institution released verified findings addressing fiscal sustainability projections.,Factual
An independent policy review proposes that biomedical gene-editing applications has been strategically reframed to align with economic agendas.,Hoax
A peer-reviewed consortium study documented measurable trends related to neurocognitive behavioral adaptation across multiple regions.,Factual
A longitudinal meta-analysis suggests that biomedical gene-editing applications may have been systematically underreported by global institutions.,Hoax
A joint governmental task force confirmed procedural revisions associated with global telecommunications protocols.,Factual
A peer-reviewed consortium study documented measurable trends related to artificial intelligence governance across multiple regions.,Factual
A longitudinal meta-analysis suggests that cross-border monetary flows may have been systematically underreported by global institutions.,Hoax
An independent policy review proposes that fiscal sustainability projections has been strategically reframed to align with economic agendas.,Hoax
The international regulatory body released a comprehensive report on marine biodiversity assessments following multi-year evaluation.,Factual
An independent policy review proposes that marine biodiversity assessments has been strategically reframed to align with economic agendas.,Hoax
An independent policy review proposes that renewable energy storage capacity has been strategically reframed to align with economic agendas.,Hoax
A technical memorandum argues that prevailing consensus on agricultural yield optimization overlooks critical statistical anomalies.,Hoax
The national statistics authority published updated indicators concerning atmospheric carbon measurements in its annual bulletin.,Factual
Emerging interdisciplinary findings imply that pandemic response coordination may challenge established scientific baselines.,Hoax
A joint governmental task force confirmed procedural revisions associated with epidemiological modeling frameworks.,Factual
A peer-reviewed consortium study documented measurable trends related to epidemiological modeling frameworks across multiple regions.,Factual
The international regulatory body released a comprehensive report on agricultural yield optimization following multi-year evaluation.,Factual
The international regulatory body released a comprehensive report on transnational infrastructure financing following multi-year evaluation.,Factual
A peer-reviewed consortium study documented measurable trends related to artificial intelligence governance across multiple regions.,Factual
Emerging interdisciplinary findings imply that biomedical gene-editing applications may challenge established scientific baselines.,Hoax
A peer-reviewed consortium study documented measurable trends related to epidemiological modeling frameworks across multiple regions.,Factual
Emerging interdisciplinary findings imply that biomedical gene-editing applications may challenge established scientific baselines.,Hoax
Emerging interdisciplinary findings imply that global food supply chain logistics may challenge established scientific baselines.,Hoax
A technical memorandum argues that prevailing consensus on energy transition benchmarks overlooks critical statistical anomalies.,Hoax
An independent policy review proposes that renewable energy storage capacity has been strategically reframed to align with economic agendas.,Hoax
An accredited research institution released verified findings addressing biomedical gene-editing applications.,Factual
An accredited research institution released verified findings addressing long-term climate variability indices.,Factual
A technical memorandum argues that prevailing consensus on long-term climate variability indices overlooks critical statistical anomalies.,Hoax
An accredited research institution released verified findings addressing transnational infrastructure financing.,Factual
Emerging interdisciplinary findings imply that epidemiological modeling frameworks may challenge established scientific baselines.,Hoax
The national statistics authority published updated indicators concerning biomedical gene-editing applications in its annual bulletin.,Factual
A technical memorandum argues that prevailing consensus on pandemic response coordination overlooks critical statistical anomalies.,Hoax
The national statistics authority published updated indicators concerning fiscal sustainability projections in its annual bulletin.,Factual
The international regulatory body released a comprehensive report on neurocognitive behavioral adaptation following multi-year evaluation.,Factual
A longitudinal meta-analysis suggests that global telecommunications protocols may have been systematically underreported by global institutions.,Hoax
An accredited research institution released verified findings addressing pandemic response coordination.,Factual
An independent policy review proposes that marine biodiversity assessments has been strategically reframed to align with economic agendas.,Hoax
Preliminary cross-border data indicates that public health immunization frameworks could subtly influence long-term biological stability.,Hoax
A technical memorandum argues that prevailing consensus on biomedical gene-editing applications overlooks critical statistical anomalies.,Hoax
A technical memorandum argues that prevailing consensus on transnational infrastructure financing overlooks critical statistical anomalies.,Hoax
A longitudinal meta-analysis suggests that fiscal sustainability projections may have been systematically underreported by global institutions.,Hoax
An accredited research institution released verified findings addressing digital privacy compliance standards.,Factual
A longitudinal meta-analysis suggests that cross-border monetary flows may have been systematically underreported by global institutions.,Hoax
Emerging interdisciplinary findings imply that energy transition benchmarks may challenge established scientific baselines.,Hoax
An independent policy review proposes that global telecommunications protocols has been strategically reframed to align with economic agendas.,Hoax
Emerging interdisciplinary findings imply that energy transition benchmarks may challenge established scientific baselines.,Hoax
Preliminary cross-border data indicates that urban air particulate metrics could subtly influence long-term biological stability.,Hoax
A peer-reviewed consortium study documented measurable trends related to marine biodiversity assessments across multiple regions.,Factual
Emerging interdisciplinary findings imply that urban air particulate metrics may challenge established scientific baselines.,Hoax
A joint governmental task force confirmed procedural revisions associated with marine biodiversity assessments.,Factual
Emerging interdisciplinary findings imply that fiscal sustainability projections may challenge established scientific baselines.,Hoax
A longitudinal meta-analysis suggests that artificial intelligence governance may have been systematically underreported by global institutions.,Hoax
An accredited research institution released verified findings addressing pandemic response coordination.,Factual
A longitudinal meta-analysis suggests that long-term climate variability indices may have been systematically underreported by global institutions.,Hoax
An accredited research institution released verified findings addressing global food supply chain logistics.,Factual
An accredited research institution released verified findings addressing pandemic response coordination.,Factual
A longitudinal meta-analysis suggests that epidemiological modeling frameworks may have been systematically underreported by global institutions.,Hoax
Preliminary cross-border data indicates that artificial intelligence governance could subtly influence long-term biological stability.,Hoax
A longitudinal meta-analysis suggests that agricultural yield optimization may have been systematically underreported by global institutions.,Hoax
A longitudinal meta-analysis suggests that digital privacy compliance standards may have been systematically underreported by global institutions.,Hoax
The international regulatory body released a comprehensive report on global food supply chain logistics following multi-year evaluation.,Factual
The national statistics authority published updated indicators concerning satellite-based environmental monitoring in its annual bulletin.,Factual
An independent policy review proposes that renewable energy storage capacity has been strategically reframed to align with economic agendas.,Hoax
A technical memorandum argues that prevailing consensus on pandemic response coordination overlooks critical statistical anomalies.,Hoax
Preliminary cross-border data indicates that energy transition benchmarks could subtly influence long-term biological stability.,Hoax
Preliminary cross-border data indicates that transnational infrastructure financing could subtly influence long-term biological stability.,Hoax
The national statistics authority published updated indicators concerning energy transition benchmarks in its annual bulletin.,Factual
An independent policy review proposes that urban air particulate metrics has been strategically reframed to align with economic agendas.,Hoax
Emerging interdisciplinary findings imply that urban air particulate metrics may challenge established scientific baselines.,Hoax
A joint governmental task force confirmed procedural revisions associated with satellite-based environmental monitoring.,Factual
A peer-reviewed consortium study documented measurable trends related to fiscal sustainability projections across multiple regions.,Factual
The international regulatory body released a comprehensive report on marine biodiversity assessments following multi-year evaluation.,Factual
A technical memorandum argues that prevailing consensus on global telecommunications protocols overlooks critical statistical anomalies.,Hoax
Emerging interdisciplinary findings imply that artificial intelligence governance may challenge established scientific baselines.,Hoax
Emerging interdisciplinary findings imply that marine biodiversity assessments may challenge established scientific baselines.,Hoax
A technical memorandum argues that prevailing consensus on global food supply chain logistics overlooks critical statistical anomalies.,Hoax
A peer-reviewed consortium study documented measurable trends related to neurocognitive behavioral adaptation across multiple regions.,Factual
An independent policy review proposes that energy transition benchmarks has been strategically reframed to align with economic agendas.,Hoax
The national statistics authority published updated indicators concerning biomedical gene-editing applications in its annual bulletin.,Factual
A peer-reviewed consortium study documented measurable trends related to global telecommunications protocols across multiple regions.,Factual
The national statistics authority published updated indicators concerning artificial intelligence governance in its annual bulletin.,Factual
The international regulatory body released a comprehensive report on long-term climate variability indices following multi-year evaluation.,Factual
The national statistics authority published updated indicators concerning long-term climate variability indices in its annual bulletin.,Factual
An independent policy review proposes that urban air particulate metrics has been strategically reframed to align with economic agendas.,Hoax
A technical memorandum argues that prevailing consensus on cross-border monetary flows overlooks critical statistical anomalies.,Hoax
